ticker,date,close_price,daily_return
SPY,2026-04-01,542.75,0.00046
SPY,2026-04-02,546.52,0.00695
SPY,2026-04-03,541.27,-0.00961
SPY,2026-04-06,543.3,0.00375
SPY,2026-04-07,542.78,-0.00096
SPY,2026-04-08,547.08,0.00792
SPY,2026-04-09,552.59,0.01006
SPY,2026-04-10,550.02,-0.00466
SPY,2026-04-13,554.75,0.00861
SPY,2026-04-14,549.56,-0.00935
SPY,2026-04-15,569.8,0.03683
SPY,2026-04-16,576.86,0.01239
SPY,2026-04-17,584.98,0.01407
SPY,2026-04-20,571.89,-0.02238
SPY,2026-04-21,582.14,0.01793
SPY,2026-04-22,577.28,-0.00834
SPY,2026-04-23,580.88,0.00623
SPY,2026-04-24,586.95,0.01045
SPY,2026-04-27,588.54,0.0027
SPY,2026-04-28,594.63,0.01034
SPY,2026-04-29,600.33,0.00958
SPY,2026-04-30,602.7,0.00394
SPY,2026-05-01,607.69,0.00828
SPY,2026-05-04,607.49,-0.00033
SPY,2026-05-05,609.17,0.00276
SPY,2026-05-06,602.8,-0.01045
SPY,2026-05-07,589.53,-0.02201
SPY,2026-05-08,596.71,0.01217
SPY,2026-05-11,604.61,0.01323
SPY,2026-05-12,604.63,3e-05
SPY,2026-05-13,604.17,-0.00075
SPY,2026-05-14,600.95,-0.00533
SPY,2026-05-15,596.58,-0.00727
SPY,2026-05-18,611.97,0.0258
SPY,2026-05-19,605.44,-0.01067
SPY,2026-05-20,602.04,-0.00561
SPY,2026-05-21,602.25,0.00036
SPY,2026-05-22,600.41,-0.00306
SPY,2026-05-25,594.47,-0.00989
SPY,2026-05-26,591.13,-0.00561
SPY,2026-05-27,593.46,0.00395
SPY,2026-05-28,590.9,-0.00431
SPY,2026-05-29,593.5,0.00439
SPY,2026-06-01,593.14,-0.0006
SPY,2026-06-02,596.53,0.00572
SPY,2026-06-03,604.2,0.01287
SPY,2026-06-04,602.42,-0.00294
SPY,2026-06-05,598.7,-0.00618
SPY,2026-06-08,608.19,0.01586
SPY,2026-06-09,617.25,0.01489
SPY,2026-06-10,617.7,0.00072
SPY,2026-06-11,626.31,0.01394
SPY,2026-06-12,621.75,-0.00729
SPY,2026-06-15,617.55,-0.00676
SPY,2026-06-16,611.25,-0.0102
SPY,2026-06-17,607.73,-0.00575
SPY,2026-06-18,611.77,0.00665
SPY,2026-06-19,610.35,-0.00232
SPY,2026-06-22,609.64,-0.00117
SPY,2026-06-23,605.45,-0.00688
SPY,2026-06-24,598.47,-0.01153
SPY,2026-06-25,604.19,0.00956
SPY,2026-06-26,602.79,-0.00232
SPY,2026-06-29,608.07,0.00876
SPY,2026-06-30,608.34,0.00045
SPY,2026-07-01,606.2,-0.00351
SPY,2026-07-02,585.21,-0.03462
SPY,2026-07-03,590.94,0.0098
SPY,2026-07-06,593.5,0.00433
SPY,2026-07-07,593.68,0.0003
SPY,2026-07-08,595.0,0.00222
SPY,2026-07-09,599.82,0.0081
SPY,2026-07-10,611.45,0.01939
SPY,2026-07-13,606.52,-0.00807
SPY,2026-07-14,611.02,0.00743
SPY,2026-07-15,607.2,-0.00626
SPY,2026-07-16,613.79,0.01086
SPY,2026-07-17,623.84,0.01637
SPY,2026-07-20,621.6,-0.00359
SPY,2026-07-21,613.6,-0.01288
SPY,2026-07-22,622.83,0.01504
SPY,2026-07-23,622.35,-0.00078
SPY,2026-07-24,634.15,0.01896
SPY,2026-07-27,634.98,0.00131
SPY,2026-07-28,632.35,-0.00414
SPY,2026-07-29,641.56,0.01456
SPY,2026-07-30,645.04,0.00542
SPY,2026-07-31,643.99,-0.00163
SPY,2026-08-03,646.56,0.00399
SPY,2026-08-04,648.88,0.00358
SPY,2026-08-05,644.21,-0.00719
SPY,2026-08-06,642.77,-0.00224
SPY,2026-08-07,634.88,-0.01228
SPY,2026-08-10,628.91,-0.00941
SPY,2026-08-11,631.75,0.00451
SPY,2026-08-12,640.65,0.01409
SPY,2026-08-13,640.25,-0.00062
SPY,2026-08-14,647.95,0.01203
SPY,2026-08-17,658.67,0.01655
SPY,2026-08-18,651.74,-0.01053
SPY,2026-08-19,657.77,0.00925
SPY,2026-08-20,661.85,0.0062
SPY,2026-08-21,662.02,0.00026
SPY,2026-08-24,662.84,0.00124
SPY,2026-08-25,664.36,0.0023
SPY,2026-08-26,655.18,-0.01382
SPY,2026-08-27,654.63,-0.00084
SPY,2026-08-28,665.71,0.01693
SPY,2026-08-31,659.26,-0.00969
SPY,2026-09-01,657.28,-0.003
SPY,2026-09-02,660.16,0.00438
SPY,2026-09-03,660.58,0.00064
SPY,2026-09-04,671.54,0.01659
SPY,2026-09-07,661.99,-0.01422
SPY,2026-09-08,650.11,-0.01794
SPY,2026-09-09,646.86,-0.005
SPY,2026-09-10,643.91,-0.00456
SPY,2026-09-11,642.35,-0.00243
SPY,2026-09-14,646.48,0.00642
SPY,2026-09-15,650.75,0.00661
SPY,2026-09-16,660.43,0.01487
SPY,2026-09-17,653.66,-0.01026
SPY,2026-09-18,662.96,0.01423
SPY,2026-09-21,652.24,-0.01617
SPY,2026-09-22,653.74,0.0023
SPY,2026-09-23,658.84,0.0078
SPY,2026-09-24,668.33,0.01441
SPY,2026-09-25,675.65,0.01096
QQQ,2026-04-01,483.44,0.01097
QQQ,2026-04-02,479.08,-0.00902
QQQ,2026-04-03,476.48,-0.00543
QQQ,2026-04-06,474.04,-0.00512
QQQ,2026-04-07,486.11,0.02547
QQQ,2026-04-08,480.56,-0.01142
QQQ,2026-04-09,492.77,0.02541
QQQ,2026-04-10,491.11,-0.00337
QQQ,2026-04-13,492.43,0.00268
QQQ,2026-04-14,491.59,-0.00171
QQQ,2026-04-15,491.27,-0.00065
QQQ,2026-04-16,485.37,-0.01201
QQQ,2026-04-17,496.55,0.02303
QQQ,2026-04-20,491.53,-0.01011
QQQ,2026-04-21,499.89,0.01701
QQQ,2026-04-22,490.56,-0.01867
QQQ,2026-04-23,489.5,-0.00217
QQQ,2026-04-24,501.57,0.02465
QQQ,2026-04-27,512.74,0.02227
QQQ,2026-04-28,522.0,0.01806
QQQ,2026-04-29,525.44,0.0066
QQQ,2026-04-30,521.64,-0.00723
QQQ,2026-05-01,525.11,0.00665
QQQ,2026-05-04,517.93,-0.01366
QQQ,2026-05-05,513.79,-0.00799
QQQ,2026-05-06,525.92,0.02362
QQQ,2026-05-07,526.35,0.00083
QQQ,2026-05-08,528.14,0.0034
QQQ,2026-05-11,530.64,0.00472
QQQ,2026-05-12,537.0,0.01198
QQQ,2026-05-13,550.0,0.02422
QQQ,2026-05-14,535.24,-0.02684
QQQ,2026-05-15,533.52,-0.00321
QQQ,2026-05-18,544.15,0.01992
QQQ,2026-05-19,527.2,-0.03115
QQQ,2026-05-20,539.55,0.02342
QQQ,2026-05-21,522.52,-0.03155
QQQ,2026-05-22,518.86,-0.007
QQQ,2026-05-25,533.35,0.02793
QQQ,2026-05-26,546.56,0.02478
QQQ,2026-05-27,555.2,0.01581
QQQ,2026-05-28,573.19,0.0324
QQQ,2026-05-29,573.05,-0.00024
QQQ,2026-06-01,577.07,0.00701
QQQ,2026-06-02,565.46,-0.02012
QQQ,2026-06-03,570.74,0.00934
QQQ,2026-06-04,566.76,-0.00697
QQQ,2026-06-05,576.86,0.01783
QQQ,2026-06-08,569.23,-0.01323
QQQ,2026-06-09,568.9,-0.00058
QQQ,2026-06-10,563.77,-0.00902
QQQ,2026-06-11,561.22,-0.00452
QQQ,2026-06-12,561.33,0.00019
QQQ,2026-06-15,561.12,-0.00038
QQQ,2026-06-16,569.98,0.01578
QQQ,2026-06-17,565.78,-0.00737
QQQ,2026-06-18,563.54,-0.00395
QQQ,2026-06-19,551.15,-0.02199
QQQ,2026-06-22,547.89,-0.00591
QQQ,2026-06-23,541.76,-0.01118
QQQ,2026-06-24,552.01,0.01893
QQQ,2026-06-25,557.04,0.00911
QQQ,2026-06-26,554.03,-0.00541
QQQ,2026-06-29,560.09,0.01093
QQQ,2026-06-30,567.47,0.01317
QQQ,2026-07-01,557.46,-0.01764
QQQ,2026-07-02,555.62,-0.00331
QQQ,2026-07-03,562.14,0.01173
QQQ,2026-07-06,555.73,-0.0114
QQQ,2026-07-07,560.21,0.00805
QQQ,2026-07-08,559.29,-0.00165
QQQ,2026-07-09,563.39,0.00734
QQQ,2026-07-10,547.34,-0.02848
QQQ,2026-07-13,556.19,0.01617
QQQ,2026-07-14,549.07,-0.0128
QQQ,2026-07-15,534.54,-0.02646
QQQ,2026-07-16,530.07,-0.00837
QQQ,2026-07-17,526.16,-0.00738
QQQ,2026-07-20,526.17,2e-05
QQQ,2026-07-21,526.32,0.00028
QQQ,2026-07-22,524.75,-0.00298
QQQ,2026-07-23,532.46,0.0147
QQQ,2026-07-24,523.24,-0.01731
QQQ,2026-07-27,518.36,-0.00933
QQQ,2026-07-28,510.99,-0.01421
QQQ,2026-07-29,512.86,0.00367
QQQ,2026-07-30,514.88,0.00395
QQQ,2026-07-31,522.96,0.01568
QQQ,2026-08-03,533.68,0.0205
QQQ,2026-08-04,526.22,-0.01398
QQQ,2026-08-05,527.91,0.00322
QQQ,2026-08-06,530.82,0.00551
QQQ,2026-08-07,520.67,-0.01913
QQQ,2026-08-10,519.89,-0.0015
QQQ,2026-08-11,513.31,-0.01266
QQQ,2026-08-12,524.82,0.02242
QQQ,2026-08-13,525.11,0.00055
QQQ,2026-08-14,514.44,-0.02032
QQQ,2026-08-17,515.4,0.00187
QQQ,2026-08-18,520.31,0.00952
QQQ,2026-08-19,525.86,0.01066
QQQ,2026-08-20,526.91,0.00199
QQQ,2026-08-21,513.08,-0.02625
QQQ,2026-08-24,515.44,0.0046
QQQ,2026-08-25,522.28,0.01326
QQQ,2026-08-26,525.8,0.00673
QQQ,2026-08-27,522.72,-0.00585
QQQ,2026-08-28,519.46,-0.00623
QQQ,2026-08-31,516.89,-0.00495
QQQ,2026-09-01,509.2,-0.01487
QQQ,2026-09-02,509.79,0.00117
QQQ,2026-09-03,520.31,0.02063
QQQ,2026-09-04,532.53,0.02349
QQQ,2026-09-07,533.17,0.0012
QQQ,2026-09-08,533.82,0.00123
QQQ,2026-09-09,530.55,-0.00613
QQQ,2026-09-10,526.69,-0.00728
QQQ,2026-09-11,528.96,0.00431
QQQ,2026-09-14,537.72,0.01656
QQQ,2026-09-15,535.58,-0.00397
QQQ,2026-09-16,541.14,0.01037
QQQ,2026-09-17,543.12,0.00366
QQQ,2026-09-18,548.15,0.00927
QQQ,2026-09-21,541.53,-0.01207
QQQ,2026-09-22,545.28,0.00693
QQQ,2026-09-23,534.86,-0.0191
QQQ,2026-09-24,545.02,0.01899
QQQ,2026-09-25,544.47,-0.00102
BND,2026-04-01,73.38,0.00798
BND,2026-04-02,73.23,-0.00206
BND,2026-04-03,72.92,-0.00418
BND,2026-04-06,72.66,-0.00352
BND,2026-04-07,72.17,-0.00672
BND,2026-04-08,72.18,0.00019
BND,2026-04-09,71.65,-0.0073
BND,2026-04-10,71.51,-0.00199
BND,2026-04-13,71.53,0.00023
BND,2026-04-14,71.25,-0.00389
BND,2026-04-15,71.27,0.00024
BND,2026-04-16,71.5,0.00324
BND,2026-04-17,71.23,-0.00378
BND,2026-04-20,70.91,-0.0045
BND,2026-04-21,70.57,-0.00486
BND,2026-04-22,70.55,-0.00031
BND,2026-04-23,70.56,0.00017
BND,2026-04-24,70.69,0.0019
BND,2026-04-27,70.67,-0.00027
BND,2026-04-28,70.91,0.00333
BND,2026-04-29,70.8,-0.0016
BND,2026-04-30,71.13,0.00467
BND,2026-05-01,71.28,0.00217
BND,2026-05-04,71.46,0.00249
BND,2026-05-05,71.34,-0.00164
BND,2026-05-06,70.97,-0.00515
BND,2026-05-07,71.25,0.00396
BND,2026-05-08,71.39,0.00192
BND,2026-05-11,71.15,-0.00338
BND,2026-05-12,71.1,-0.00064
BND,2026-05-13,71.2,0.00146
BND,2026-05-14,71.5,0.0042
BND,2026-05-15,71.82,0.00454
BND,2026-05-18,71.65,-0.00242
BND,2026-05-19,71.5,-0.0021
BND,2026-05-20,71.03,-0.00662
BND,2026-05-21,71.08,0.00076
BND,2026-05-22,70.85,-0.00328
BND,2026-05-25,71.13,0.00392
BND,2026-05-26,71.17,0.00053
BND,2026-05-27,71.21,0.00056
BND,2026-05-28,70.71,-0.00701
BND,2026-05-29,71.0,0.00417
BND,2026-06-01,70.95,-0.00074
BND,2026-06-02,70.97,0.00033
BND,2026-06-03,70.66,-0.00435
BND,2026-06-04,70.54,-0.00173
BND,2026-06-05,70.45,-0.00121
BND,2026-06-08,70.53,0.00117
BND,2026-06-09,70.84,0.00437
BND,2026-06-10,71.11,0.00376
BND,2026-06-11,71.18,0.00102
BND,2026-06-12,71.09,-0.00126
BND,2026-06-15,70.87,-0.00307
BND,2026-06-16,71.05,0.00256
BND,2026-06-17,71.34,0.00405
BND,2026-06-18,71.63,0.00407
BND,2026-06-19,71.93,0.00419
BND,2026-06-22,72.23,0.00413
BND,2026-06-23,72.3,0.00104
BND,2026-06-24,72.27,-0.00041
BND,2026-06-25,72.27,5e-05
BND,2026-06-26,72.21,-0.00087
BND,2026-06-29,72.12,-0.0012
BND,2026-06-30,72.06,-0.00078
BND,2026-07-01,72.11,0.00069
BND,2026-07-02,72.0,-0.00149
BND,2026-07-03,72.16,0.0022
BND,2026-07-06,71.97,-0.00257
BND,2026-07-07,72.41,0.00607
BND,2026-07-08,72.11,-0.00418
BND,2026-07-09,72.45,0.00475
BND,2026-07-10,72.58,0.00182
BND,2026-07-13,72.43,-0.00211
BND,2026-07-14,72.51,0.00105
BND,2026-07-15,72.57,0.00077
BND,2026-07-16,71.45,-0.0154
BND,2026-07-17,71.19,-0.00359
BND,2026-07-20,70.99,-0.00282
BND,2026-07-21,71.33,0.00483
BND,2026-07-22,71.43,0.00147
BND,2026-07-23,71.07,-0.00498
BND,2026-07-24,71.12,0.00065
BND,2026-07-27,70.49,-0.00884
BND,2026-07-28,70.54,0.00064
BND,2026-07-29,70.62,0.00113
BND,2026-07-30,70.73,0.00153
BND,2026-07-31,70.87,0.00201
BND,2026-08-03,70.73,-0.00196
BND,2026-08-04,70.46,-0.00386
BND,2026-08-05,70.57,0.00157
BND,2026-08-06,71.0,0.00614
BND,2026-08-07,71.05,0.00064
BND,2026-08-10,70.92,-0.00188
BND,2026-08-11,70.6,-0.0045
BND,2026-08-12,70.35,-0.00352
BND,2026-08-13,70.75,0.00566
BND,2026-08-14,71.1,0.00501
BND,2026-08-17,71.25,0.00216
BND,2026-08-18,71.25,0.0
BND,2026-08-19,71.51,0.00363
BND,2026-08-20,71.58,0.00093
BND,2026-08-21,71.31,-0.0038
BND,2026-08-24,70.73,-0.00815
BND,2026-08-25,70.42,-0.00437
BND,2026-08-26,70.7,0.00402
BND,2026-08-27,71.09,0.00554
BND,2026-08-28,71.31,0.00306
BND,2026-08-31,71.25,-0.00082
BND,2026-09-01,71.19,-0.00086
BND,2026-09-02,71.29,0.00144
BND,2026-09-03,70.8,-0.00689
BND,2026-09-04,70.72,-0.00115
BND,2026-09-07,70.67,-0.00073
BND,2026-09-08,71.16,0.00697
BND,2026-09-09,71.14,-0.00027
BND,2026-09-10,71.01,-0.00189
BND,2026-09-11,71.27,0.00367
BND,2026-09-14,71.08,-0.00268
BND,2026-09-15,71.34,0.00366
BND,2026-09-16,71.08,-0.00359
BND,2026-09-17,71.55,0.00658
BND,2026-09-18,71.63,0.00118
BND,2026-09-21,71.54,-0.0012
BND,2026-09-22,71.94,0.00561
BND,2026-09-23,71.87,-0.00091
BND,2026-09-24,72.1,0.00321
BND,2026-09-25,71.75,-0.00482
TLT,2026-04-01,92.21,-0.01279
TLT,2026-04-02,92.77,0.00606
TLT,2026-04-03,93.44,0.00723
TLT,2026-04-06,93.34,-0.00111
TLT,2026-04-07,93.74,0.00432
TLT,2026-04-08,92.82,-0.00984
TLT,2026-04-09,91.99,-0.00898
TLT,2026-04-10,92.12,0.00138
TLT,2026-04-13,92.08,-0.00043
TLT,2026-04-14,91.48,-0.00652
TLT,2026-04-15,92.42,0.01031
TLT,2026-04-16,91.22,-0.01294
TLT,2026-04-17,92.68,0.01598
TLT,2026-04-20,93.59,0.00984
TLT,2026-04-21,93.66,0.00078
TLT,2026-04-22,94.62,0.01025
TLT,2026-04-23,94.03,-0.00622
TLT,2026-04-24,93.55,-0.0051
TLT,2026-04-27,95.17,0.01733
TLT,2026-04-28,95.5,0.00349
TLT,2026-04-29,95.78,0.00293
TLT,2026-04-30,96.35,0.00594
TLT,2026-05-01,96.62,0.00278
TLT,2026-05-04,95.92,-0.00728
TLT,2026-05-05,96.92,0.01041
TLT,2026-05-06,96.05,-0.00896
TLT,2026-05-07,96.07,0.00019
TLT,2026-05-08,96.23,0.00164
TLT,2026-05-11,96.61,0.00393
TLT,2026-05-12,96.53,-0.0008
TLT,2026-05-13,96.38,-0.00151
TLT,2026-05-14,95.45,-0.00963
TLT,2026-05-15,95.55,0.00109
TLT,2026-05-18,94.3,-0.01309
TLT,2026-05-19,93.75,-0.00583
TLT,2026-05-20,93.03,-0.00773
TLT,2026-05-21,93.16,0.00144
TLT,2026-05-22,92.85,-0.00336
TLT,2026-05-25,93.11,0.0028
TLT,2026-05-26,94.39,0.01372
TLT,2026-05-27,94.05,-0.00363
TLT,2026-05-28,95.11,0.01132
TLT,2026-05-29,94.13,-0.0103
TLT,2026-06-01,94.34,0.00221
TLT,2026-06-02,93.15,-0.01263
TLT,2026-06-03,93.8,0.00699
TLT,2026-06-04,93.21,-0.00628
TLT,2026-06-05,94.37,0.01241
TLT,2026-06-08,94.32,-0.00048
TLT,2026-06-09,94.99,0.00705
TLT,2026-06-10,95.43,0.00459
TLT,2026-06-11,95.85,0.00437
TLT,2026-06-12,96.65,0.00839
TLT,2026-06-15,97.41,0.00786
TLT,2026-06-16,97.49,0.00083
TLT,2026-06-17,96.98,-0.00523
TLT,2026-06-18,97.23,0.00253
TLT,2026-06-19,98.23,0.01032
TLT,2026-06-22,97.89,-0.00344
TLT,2026-06-23,95.59,-0.02346
TLT,2026-06-24,94.95,-0.00671
TLT,2026-06-25,94.88,-0.00071
TLT,2026-06-26,95.36,0.00508
TLT,2026-06-29,95.72,0.00382
TLT,2026-06-30,95.83,0.00118
TLT,2026-07-01,96.39,0.00589
TLT,2026-07-02,97.48,0.01126
TLT,2026-07-03,97.61,0.00137
TLT,2026-07-06,97.29,-0.00323
TLT,2026-07-07,99.62,0.02399
TLT,2026-07-08,98.38,-0.01248
TLT,2026-07-09,97.98,-0.00409
TLT,2026-07-10,99.24,0.01286
TLT,2026-07-13,100.54,0.01306
TLT,2026-07-14,98.78,-0.01748
TLT,2026-07-15,98.92,0.00143
TLT,2026-07-16,98.08,-0.00847
TLT,2026-07-17,97.68,-0.00406
TLT,2026-07-20,97.21,-0.00484
TLT,2026-07-21,97.45,0.00246
TLT,2026-07-22,99.43,0.0203
TLT,2026-07-23,100.13,0.00706
TLT,2026-07-24,98.55,-0.01583
TLT,2026-07-27,98.81,0.00269
TLT,2026-07-28,98.57,-0.00241
TLT,2026-07-29,98.81,0.00242
TLT,2026-07-30,98.65,-0.00161
TLT,2026-07-31,98.48,-0.00173
TLT,2026-08-03,99.18,0.00711
TLT,2026-08-04,100.13,0.00954
TLT,2026-08-05,99.23,-0.00895
TLT,2026-08-06,101.91,0.02698
TLT,2026-08-07,103.07,0.01143
TLT,2026-08-10,104.16,0.01056
TLT,2026-08-11,102.93,-0.01185
TLT,2026-08-12,101.98,-0.00926
TLT,2026-08-13,102.19,0.00203
TLT,2026-08-14,103.31,0.011
TLT,2026-08-17,102.41,-0.00868
TLT,2026-08-18,102.75,0.00332
TLT,2026-08-19,104.55,0.01749
TLT,2026-08-20,102.44,-0.02021
TLT,2026-08-21,102.05,-0.00379
TLT,2026-08-24,103.27,0.01195
TLT,2026-08-25,102.16,-0.01078
TLT,2026-08-26,101.26,-0.0088
TLT,2026-08-27,101.88,0.0061
TLT,2026-08-28,101.72,-0.00155
TLT,2026-08-31,102.08,0.00354
TLT,2026-09-01,103.4,0.01298
TLT,2026-09-02,103.75,0.0034
TLT,2026-09-03,104.26,0.00495
TLT,2026-09-04,104.36,0.00098
TLT,2026-09-07,104.43,0.00069
TLT,2026-09-08,103.29,-0.01087
TLT,2026-09-09,103.71,0.00402
TLT,2026-09-10,103.58,-0.00124
TLT,2026-09-11,104.26,0.00659
TLT,2026-09-14,103.92,-0.00327
TLT,2026-09-15,102.59,-0.01284
TLT,2026-09-16,101.31,-0.01249
TLT,2026-09-17,101.74,0.00423
TLT,2026-09-18,103.18,0.01419
TLT,2026-09-21,102.48,-0.00674
TLT,2026-09-22,101.58,-0.00877
TLT,2026-09-23,100.69,-0.00878
TLT,2026-09-24,101.58,0.00889
TLT,2026-09-25,101.24,-0.00336
VNQ,2026-04-01,84.78,-0.01534
VNQ,2026-04-02,84.43,-0.00413
VNQ,2026-04-03,85.97,0.01821
VNQ,2026-04-06,85.01,-0.01115
VNQ,2026-04-07,85.57,0.00655
VNQ,2026-04-08,85.86,0.00336
VNQ,2026-04-09,85.32,-0.00628
VNQ,2026-04-10,86.86,0.01803
VNQ,2026-04-13,86.16,-0.00809
VNQ,2026-04-14,85.85,-0.00354
VNQ,2026-04-15,86.94,0.0127
VNQ,2026-04-16,88.04,0.0126
VNQ,2026-04-17,87.33,-0.00802
VNQ,2026-04-20,85.11,-0.02537
VNQ,2026-04-21,84.02,-0.01283
VNQ,2026-04-22,84.05,0.00036
VNQ,2026-04-23,84.32,0.00323
VNQ,2026-04-24,84.49,0.00197
VNQ,2026-04-27,83.75,-0.0087
VNQ,2026-04-28,84.13,0.00454
VNQ,2026-04-29,84.16,0.00039
VNQ,2026-04-30,84.61,0.00536
VNQ,2026-05-01,86.42,0.02135
VNQ,2026-05-04,86.01,-0.00471
VNQ,2026-05-05,83.91,-0.02438
VNQ,2026-05-06,82.88,-0.01226
VNQ,2026-05-07,84.32,0.01734
VNQ,2026-05-08,84.35,0.00035
VNQ,2026-05-11,84.35,0.0
VNQ,2026-05-12,84.66,0.00363
VNQ,2026-05-13,84.74,0.0009
VNQ,2026-05-14,83.69,-0.01238
VNQ,2026-05-15,82.5,-0.01424
VNQ,2026-05-18,80.84,-0.02016
VNQ,2026-05-19,81.38,0.00668
VNQ,2026-05-20,82.53,0.01407
VNQ,2026-05-21,81.84,-0.00834
VNQ,2026-05-22,81.06,-0.00948
VNQ,2026-05-25,81.81,0.00921
VNQ,2026-05-26,82.31,0.00609
VNQ,2026-05-27,81.65,-0.00804
VNQ,2026-05-28,82.88,0.01503
VNQ,2026-05-29,83.44,0.00675
VNQ,2026-06-01,82.81,-0.00751
VNQ,2026-06-02,82.57,-0.00284
VNQ,2026-06-03,81.88,-0.00837
VNQ,2026-06-04,83.51,0.01996
VNQ,2026-06-05,82.96,-0.00662
VNQ,2026-06-08,82.01,-0.01148
VNQ,2026-06-09,81.73,-0.00347
VNQ,2026-06-10,81.44,-0.00355
VNQ,2026-06-11,82.22,0.00961
VNQ,2026-06-12,83.19,0.01174
VNQ,2026-06-15,83.04,-0.00175
VNQ,2026-06-16,80.28,-0.03322
VNQ,2026-06-17,80.06,-0.00269
VNQ,2026-06-18,79.47,-0.00737
VNQ,2026-06-19,78.56,-0.01146
VNQ,2026-06-22,78.1,-0.00585
VNQ,2026-06-23,78.43,0.00419
VNQ,2026-06-24,77.5,-0.01191
VNQ,2026-06-25,78.66,0.01495
VNQ,2026-06-26,77.63,-0.01311
VNQ,2026-06-29,76.61,-0.01318
VNQ,2026-06-30,76.96,0.00452
VNQ,2026-07-01,78.05,0.01411
VNQ,2026-07-02,78.94,0.01134
VNQ,2026-07-03,78.55,-0.00494
VNQ,2026-07-06,78.44,-0.00144
VNQ,2026-07-07,78.04,-0.00507
VNQ,2026-07-08,79.27,0.01572
VNQ,2026-07-09,79.09,-0.00221
VNQ,2026-07-10,79.16,0.00085
VNQ,2026-07-13,79.72,0.00704
VNQ,2026-07-14,78.66,-0.01325
VNQ,2026-07-15,78.34,-0.00411
VNQ,2026-07-16,80.68,0.02986
VNQ,2026-07-17,82.29,0.01994
VNQ,2026-07-20,83.21,0.01117
VNQ,2026-07-21,82.7,-0.00616
VNQ,2026-07-22,84.04,0.01625
VNQ,2026-07-23,85.28,0.01481
VNQ,2026-07-24,83.78,-0.01761
VNQ,2026-07-27,83.83,0.00058
VNQ,2026-07-28,83.1,-0.00865
VNQ,2026-07-29,83.09,-0.0001
VNQ,2026-07-30,84.46,0.01652
VNQ,2026-07-31,82.18,-0.02697
VNQ,2026-08-03,82.26,0.00097
VNQ,2026-08-04,83.47,0.01474
VNQ,2026-08-05,81.91,-0.01865
VNQ,2026-08-06,83.34,0.0175
VNQ,2026-08-07,81.43,-0.02289
VNQ,2026-08-10,81.36,-0.00081
VNQ,2026-08-11,81.88,0.00639
VNQ,2026-08-12,81.35,-0.00648
VNQ,2026-08-13,81.62,0.00332
VNQ,2026-08-14,80.72,-0.01097
VNQ,2026-08-17,81.75,0.01276
VNQ,2026-08-18,81.34,-0.00502
VNQ,2026-08-19,81.7,0.00437
VNQ,2026-08-20,81.05,-0.00795
VNQ,2026-08-21,80.72,-0.00413
VNQ,2026-08-24,81.91,0.01478
VNQ,2026-08-25,83.02,0.01355
VNQ,2026-08-26,83.05,0.00031
VNQ,2026-08-27,83.78,0.00879
VNQ,2026-08-28,84.76,0.01174
VNQ,2026-08-31,84.11,-0.00769
VNQ,2026-09-01,85.14,0.01228
VNQ,2026-09-02,84.15,-0.01164
VNQ,2026-09-03,83.9,-0.00297
VNQ,2026-09-04,83.67,-0.0028
VNQ,2026-09-07,84.26,0.007
VNQ,2026-09-08,83.89,-0.00438
VNQ,2026-09-09,82.75,-0.01357
VNQ,2026-09-10,82.95,0.00242
VNQ,2026-09-11,84.6,0.0199
VNQ,2026-09-14,86.16,0.01844
VNQ,2026-09-15,86.63,0.00547
VNQ,2026-09-16,86.17,-0.00535
VNQ,2026-09-17,84.49,-0.0195
VNQ,2026-09-18,83.46,-0.01223
VNQ,2026-09-21,84.41,0.01138
VNQ,2026-09-22,85.6,0.01411
VNQ,2026-09-23,83.17,-0.02839
VNQ,2026-09-24,82.94,-0.00271
VNQ,2026-09-25,82.98,0.00049
GLD,2026-04-01,221.76,-0.01222
GLD,2026-04-02,221.81,0.00022
GLD,2026-04-03,224.81,0.01354
GLD,2026-04-06,221.74,-0.01365
GLD,2026-04-07,219.45,-0.01034
GLD,2026-04-08,220.47,0.00463
GLD,2026-04-09,217.34,-0.01418
GLD,2026-04-10,218.31,0.00444
GLD,2026-04-13,215.86,-0.01123
GLD,2026-04-14,217.54,0.00779
GLD,2026-04-15,218.94,0.00642
GLD,2026-04-16,220.95,0.00918
GLD,2026-04-17,222.9,0.00883
GLD,2026-04-20,222.62,-0.00125
GLD,2026-04-21,221.64,-0.00442
GLD,2026-04-22,218.89,-0.01241
GLD,2026-04-23,221.39,0.01143
GLD,2026-04-24,218.2,-0.01443
GLD,2026-04-27,219.57,0.00626
GLD,2026-04-28,218.09,-0.00674
GLD,2026-04-29,216.84,-0.00572
GLD,2026-04-30,219.91,0.01415
GLD,2026-05-01,220.25,0.00153
GLD,2026-05-04,216.12,-0.01874
GLD,2026-05-05,216.96,0.00387
GLD,2026-05-06,217.22,0.0012
GLD,2026-05-07,214.17,-0.01406
GLD,2026-05-08,210.91,-0.01522
GLD,2026-05-11,214.3,0.01606
GLD,2026-05-12,214.33,0.00015
GLD,2026-05-13,213.57,-0.00354
GLD,2026-05-14,214.03,0.00213
GLD,2026-05-15,211.38,-0.0124
GLD,2026-05-18,208.44,-0.01389
GLD,2026-05-19,205.68,-0.01324
GLD,2026-05-20,206.8,0.00544
GLD,2026-05-21,207.38,0.00278
GLD,2026-05-22,207.12,-0.00125
GLD,2026-05-25,207.67,0.00265
GLD,2026-05-26,206.19,-0.00715
GLD,2026-05-27,205.5,-0.00334
GLD,2026-05-28,206.35,0.00415
GLD,2026-05-29,203.96,-0.01157
GLD,2026-06-01,203.56,-0.00198
GLD,2026-06-02,203.95,0.00192
GLD,2026-06-03,202.9,-0.00516
GLD,2026-06-04,206.39,0.01721
GLD,2026-06-05,208.35,0.0095
GLD,2026-06-08,207.37,-0.00472
GLD,2026-06-09,206.46,-0.00439
GLD,2026-06-10,207.47,0.00488
GLD,2026-06-11,206.99,-0.00233
GLD,2026-06-12,205.62,-0.00662
GLD,2026-06-15,206.06,0.00215
GLD,2026-06-16,206.13,0.00036
GLD,2026-06-17,206.48,0.0017
GLD,2026-06-18,207.98,0.00724
GLD,2026-06-19,204.08,-0.01874
GLD,2026-06-22,203.66,-0.00203
GLD,2026-06-23,202.73,-0.00458
GLD,2026-06-24,201.16,-0.00772
GLD,2026-06-25,201.87,0.00352
GLD,2026-06-26,199.63,-0.0111
GLD,2026-06-29,198.3,-0.00665
GLD,2026-06-30,197.12,-0.00597
GLD,2026-07-01,197.85,0.00368
GLD,2026-07-02,198.63,0.00395
GLD,2026-07-03,197.68,-0.0048
GLD,2026-07-06,196.15,-0.00773
GLD,2026-07-07,197.64,0.0076
GLD,2026-07-08,197.91,0.00139
GLD,2026-07-09,200.42,0.01267
GLD,2026-07-10,195.2,-0.02602
GLD,2026-07-13,192.66,-0.01302
GLD,2026-07-14,191.33,-0.00692
GLD,2026-07-15,196.2,0.02545
GLD,2026-07-16,195.47,-0.00373
GLD,2026-07-17,194.31,-0.00595
GLD,2026-07-20,191.83,-0.01276
GLD,2026-07-21,190.8,-0.00539
GLD,2026-07-22,190.86,0.0003
GLD,2026-07-23,190.36,-0.00259
GLD,2026-07-24,188.78,-0.00829
GLD,2026-07-27,187.56,-0.00646
GLD,2026-07-28,188.83,0.00679
GLD,2026-07-29,188.08,-0.004
GLD,2026-07-30,188.89,0.0043
GLD,2026-07-31,186.64,-0.01191
GLD,2026-08-03,185.21,-0.00766
GLD,2026-08-04,187.28,0.01116
GLD,2026-08-05,185.42,-0.00991
GLD,2026-08-06,183.68,-0.00939
GLD,2026-08-07,183.29,-0.00212
GLD,2026-08-10,180.86,-0.01323
GLD,2026-08-11,182.2,0.00741
GLD,2026-08-12,180.21,-0.0109
GLD,2026-08-13,182.3,0.01159
GLD,2026-08-14,180.96,-0.00737
GLD,2026-08-17,180.37,-0.00329
GLD,2026-08-18,182.16,0.0099
GLD,2026-08-19,179.78,-0.01306
GLD,2026-08-20,178.53,-0.00696
GLD,2026-08-21,179.79,0.00707
GLD,2026-08-24,180.62,0.00464
GLD,2026-08-25,180.68,0.00031
GLD,2026-08-26,179.69,-0.00547
GLD,2026-08-27,181.19,0.00834
GLD,2026-08-28,182.84,0.00909
GLD,2026-08-31,185.0,0.01184
GLD,2026-09-01,184.69,-0.00167
GLD,2026-09-02,187.58,0.01564
GLD,2026-09-03,185.93,-0.00881
GLD,2026-09-04,185.86,-0.00037
GLD,2026-09-07,189.21,0.01802
GLD,2026-09-08,186.07,-0.01661
GLD,2026-09-09,186.51,0.00235
GLD,2026-09-10,186.55,0.00021
GLD,2026-09-11,185.02,-0.00819
GLD,2026-09-14,188.46,0.01858
GLD,2026-09-15,191.56,0.01646
GLD,2026-09-16,194.63,0.01601
GLD,2026-09-17,198.42,0.01945
GLD,2026-09-18,200.42,0.01008
GLD,2026-09-21,198.16,-0.01128
GLD,2026-09-22,203.1,0.02491
GLD,2026-09-23,202.55,-0.00271
GLD,2026-09-24,203.25,0.00343
GLD,2026-09-25,201.61,-0.00809
BIL,2026-04-01,91.69,0.00043
BIL,2026-04-02,91.72,0.0003
BIL,2026-04-03,91.69,-0.00028
BIL,2026-04-06,91.71,0.00024
BIL,2026-04-07,91.71,-4e-05
BIL,2026-04-08,91.67,-0.00043
BIL,2026-04-09,91.61,-0.00061
BIL,2026-04-10,91.59,-0.00019
BIL,2026-04-13,91.65,0.00068
BIL,2026-04-14,91.68,0.00029
BIL,2026-04-15,91.72,0.00041
BIL,2026-04-16,91.77,0.00054
BIL,2026-04-17,91.86,0.001
BIL,2026-04-20,91.85,-0.00014
BIL,2026-04-21,91.92,0.00078
BIL,2026-04-22,91.94,0.00017
BIL,2026-04-23,92.08,0.00148
BIL,2026-04-24,92.16,0.00085
BIL,2026-04-27,92.24,0.00085
BIL,2026-04-28,92.25,0.00011
BIL,2026-04-29,92.26,0.00011
BIL,2026-04-30,92.31,0.00059
BIL,2026-05-01,92.39,0.00091
BIL,2026-05-04,92.41,0.00022
BIL,2026-05-05,92.42,0.00012
BIL,2026-05-06,92.46,0.00041
BIL,2026-05-07,92.52,0.00066
BIL,2026-05-08,92.54,0.00018
BIL,2026-05-11,92.49,-0.0005
BIL,2026-05-12,92.55,0.00067
BIL,2026-05-13,92.58,0.00033
BIL,2026-05-14,92.48,-0.00112
BIL,2026-05-15,92.43,-0.00051
BIL,2026-05-18,92.51,0.0009
BIL,2026-05-19,92.58,0.00077
BIL,2026-05-20,92.67,0.00094
BIL,2026-05-21,92.76,0.00099
BIL,2026-05-22,92.84,0.00083
BIL,2026-05-25,92.76,-0.0009
BIL,2026-05-26,92.88,0.00125
BIL,2026-05-27,92.97,0.00099
BIL,2026-05-28,93.02,0.00052
BIL,2026-05-29,92.92,-0.00105
BIL,2026-06-01,93.01,0.00094
BIL,2026-06-02,93.06,0.00058
BIL,2026-06-03,93.08,0.00017
BIL,2026-06-04,93.09,9e-05
BIL,2026-06-05,93.06,-0.00033
BIL,2026-06-08,93.15,0.00099
BIL,2026-06-09,93.18,0.00032
BIL,2026-06-10,93.19,7e-05
BIL,2026-06-11,93.25,0.00064
BIL,2026-06-12,93.37,0.00128
BIL,2026-06-15,93.49,0.00125
BIL,2026-06-16,93.44,-0.00049
BIL,2026-06-17,93.5,0.00066
BIL,2026-06-18,93.49,-0.00013
BIL,2026-06-19,93.47,-0.00026
BIL,2026-06-22,93.61,0.0015
BIL,2026-06-23,93.66,0.00055
BIL,2026-06-24,93.7,0.00041
BIL,2026-06-25,93.77,0.00073
BIL,2026-06-26,93.79,0.00018
BIL,2026-06-29,93.82,0.00031
BIL,2026-06-30,93.86,0.00044
BIL,2026-07-01,93.86,-3e-05
BIL,2026-07-02,93.92,0.00067
BIL,2026-07-03,94.07,0.00164
BIL,2026-07-06,94.09,0.00023
BIL,2026-07-07,94.16,0.00071
BIL,2026-07-08,94.2,0.00044
BIL,2026-07-09,94.24,0.00037
BIL,2026-07-10,94.3,0.00062
BIL,2026-07-13,94.31,0.00013
BIL,2026-07-14,94.38,0.00073
BIL,2026-07-15,94.45,0.00075
BIL,2026-07-16,94.53,0.00082
BIL,2026-07-17,94.65,0.00122
BIL,2026-07-20,94.7,0.00051
BIL,2026-07-21,94.74,0.00042
BIL,2026-07-22,94.79,0.00052
BIL,2026-07-23,94.79,-5e-05
BIL,2026-07-24,94.81,0.00023
BIL,2026-07-27,94.88,0.00075
BIL,2026-07-28,95.01,0.00138
BIL,2026-07-29,95.08,0.00074
BIL,2026-07-30,95.02,-0.00063
BIL,2026-07-31,95.04,0.00023
BIL,2026-08-03,94.98,-0.00068
BIL,2026-08-04,95.03,0.00056
BIL,2026-08-05,95.04,0.0001
BIL,2026-08-06,95.08,0.00037
BIL,2026-08-07,94.97,-0.00112
BIL,2026-08-10,95.0,0.00036
BIL,2026-08-11,95.14,0.00146
BIL,2026-08-12,95.21,0.0007
BIL,2026-08-13,95.3,0.00091
BIL,2026-08-14,95.28,-0.00017
BIL,2026-08-17,95.17,-0.00117
BIL,2026-08-18,95.25,0.00082
BIL,2026-08-19,95.35,0.00107
BIL,2026-08-20,95.41,0.00067
BIL,2026-08-21,95.37,-0.00038
BIL,2026-08-24,95.46,0.00096
BIL,2026-08-25,95.37,-0.00098
BIL,2026-08-26,95.42,0.00048
BIL,2026-08-27,95.48,0.00063
BIL,2026-08-28,95.53,0.00052
BIL,2026-08-31,95.55,0.00022
BIL,2026-09-01,95.57,0.00025
BIL,2026-09-02,95.59,0.00026
BIL,2026-09-03,95.71,0.00128
BIL,2026-09-04,95.7,-0.00013
BIL,2026-09-07,95.72,0.00023
BIL,2026-09-08,95.83,0.00117
BIL,2026-09-09,95.87,0.00037
BIL,2026-09-10,95.83,-0.00042
BIL,2026-09-11,95.89,0.00065
BIL,2026-09-14,96.0,0.0012
BIL,2026-09-15,96.09,0.00097
BIL,2026-09-16,96.18,0.00095
BIL,2026-09-17,96.15,-0.00033
BIL,2026-09-18,96.2,0.00052
BIL,2026-09-21,96.14,-0.0006
BIL,2026-09-22,96.19,0.00055
BIL,2026-09-23,96.29,0.00107
BIL,2026-09-24,96.34,0.00048
BIL,2026-09-25,96.43,0.00097
NVDA,2026-04-01,125.08,-0.02588
NVDA,2026-04-02,126.12,0.0083
NVDA,2026-04-03,129.08,0.02348
NVDA,2026-04-06,131.16,0.0161
NVDA,2026-04-07,129.5,-0.01263
NVDA,2026-04-08,126.69,-0.02166
NVDA,2026-04-09,131.1,0.03481
NVDA,2026-04-10,137.58,0.04945
NVDA,2026-04-13,143.91,0.04598
NVDA,2026-04-14,146.91,0.02085
NVDA,2026-04-15,148.43,0.01034
NVDA,2026-04-16,149.47,0.00699
NVDA,2026-04-17,149.02,-0.003
NVDA,2026-04-20,141.89,-0.04783
NVDA,2026-04-21,137.27,-0.03258
NVDA,2026-04-22,135.65,-0.01179
NVDA,2026-04-23,132.73,-0.02151
NVDA,2026-04-24,131.6,-0.00853
NVDA,2026-04-27,133.99,0.01818
NVDA,2026-04-28,136.34,0.01757
NVDA,2026-04-29,133.35,-0.02195
NVDA,2026-04-30,128.34,-0.03758
NVDA,2026-05-01,132.06,0.02897
NVDA,2026-05-04,128.0,-0.03076
NVDA,2026-05-05,132.55,0.03553
NVDA,2026-05-06,131.67,-0.00667
NVDA,2026-05-07,129.0,-0.02032
NVDA,2026-05-08,132.65,0.0283
NVDA,2026-05-11,133.89,0.00938
NVDA,2026-05-12,138.98,0.03804
NVDA,2026-05-13,139.32,0.00244
NVDA,2026-05-14,141.12,0.0129
NVDA,2026-05-15,143.19,0.01468
NVDA,2026-05-18,140.25,-0.02051
NVDA,2026-05-19,140.69,0.00314
NVDA,2026-05-20,135.9,-0.03406
NVDA,2026-05-21,138.4,0.01838
NVDA,2026-05-22,131.83,-0.04744
NVDA,2026-05-25,138.24,0.04865
NVDA,2026-05-26,137.22,-0.00738
NVDA,2026-05-27,133.34,-0.0283
NVDA,2026-05-28,130.08,-0.02445
NVDA,2026-05-29,137.94,0.06044
NVDA,2026-06-01,139.37,0.01039
NVDA,2026-06-02,140.82,0.01039
NVDA,2026-06-03,138.3,-0.01793
NVDA,2026-06-04,140.77,0.01785
NVDA,2026-06-05,146.08,0.03773
NVDA,2026-06-08,144.86,-0.00833
NVDA,2026-06-09,148.17,0.02287
NVDA,2026-06-10,156.14,0.05379
NVDA,2026-06-11,156.52,0.00245
NVDA,2026-06-12,152.75,-0.02409
NVDA,2026-06-15,151.16,-0.01044
NVDA,2026-06-16,154.78,0.02394
NVDA,2026-06-17,159.35,0.02955
NVDA,2026-06-18,166.27,0.0434
NVDA,2026-06-19,167.73,0.00879
NVDA,2026-06-22,168.8,0.0064
NVDA,2026-06-23,173.42,0.02735
NVDA,2026-06-24,171.1,-0.01335
NVDA,2026-06-25,174.83,0.0218
NVDA,2026-06-26,173.48,-0.00773
NVDA,2026-06-29,165.73,-0.0447
NVDA,2026-06-30,164.11,-0.00976
NVDA,2026-07-01,163.42,-0.00419
NVDA,2026-07-02,165.88,0.01505
NVDA,2026-07-03,166.78,0.00543
NVDA,2026-07-06,161.97,-0.02884
NVDA,2026-07-07,157.71,-0.02632
NVDA,2026-07-08,156.92,-0.00499
NVDA,2026-07-09,163.04,0.03899
NVDA,2026-07-10,158.46,-0.02806
NVDA,2026-07-13,158.93,0.00297
NVDA,2026-07-14,157.97,-0.00604
NVDA,2026-07-15,164.97,0.0443
NVDA,2026-07-16,168.53,0.02158
NVDA,2026-07-17,171.7,0.01879
NVDA,2026-07-20,170.35,-0.00787
NVDA,2026-07-21,177.06,0.03939
NVDA,2026-07-22,170.21,-0.0387
NVDA,2026-07-23,170.84,0.00369
NVDA,2026-07-24,175.26,0.02586
NVDA,2026-07-27,176.64,0.00787
NVDA,2026-07-28,176.24,-0.00227
NVDA,2026-07-29,175.97,-0.00152
NVDA,2026-07-30,175.02,-0.00539
NVDA,2026-07-31,178.11,0.01768
NVDA,2026-08-03,180.54,0.01363
NVDA,2026-08-04,183.4,0.01583
NVDA,2026-08-05,183.19,-0.00115
NVDA,2026-08-06,183.8,0.00331
NVDA,2026-08-07,183.82,9e-05
NVDA,2026-08-10,180.87,-0.01604
NVDA,2026-08-11,175.49,-0.02972
NVDA,2026-08-12,180.51,0.02861
NVDA,2026-08-13,171.54,-0.04969
NVDA,2026-08-14,171.59,0.00032
NVDA,2026-08-17,172.27,0.00394
NVDA,2026-08-18,170.68,-0.0092
NVDA,2026-08-19,171.61,0.00542
NVDA,2026-08-20,170.66,-0.00554
NVDA,2026-08-21,180.84,0.05962
NVDA,2026-08-24,182.18,0.00741
NVDA,2026-08-25,186.34,0.02284
NVDA,2026-08-26,181.49,-0.026
NVDA,2026-08-27,174.8,-0.03685
NVDA,2026-08-28,171.63,-0.01811
NVDA,2026-08-31,169.75,-0.01098
NVDA,2026-09-01,170.92,0.00687
NVDA,2026-09-02,174.96,0.02365
NVDA,2026-09-03,175.57,0.00346
NVDA,2026-09-04,177.68,0.01203
NVDA,2026-09-07,171.56,-0.03442
NVDA,2026-09-08,176.65,0.02969
NVDA,2026-09-09,167.59,-0.05131
NVDA,2026-09-10,174.93,0.04382
NVDA,2026-09-11,179.7,0.02724
NVDA,2026-09-14,180.04,0.00188
NVDA,2026-09-15,186.46,0.03564
NVDA,2026-09-16,181.64,-0.02586
NVDA,2026-09-17,180.99,-0.00358
NVDA,2026-09-18,179.45,-0.00851
NVDA,2026-09-21,183.54,0.02279
NVDA,2026-09-22,182.14,-0.0076
NVDA,2026-09-23,184.75,0.01432
NVDA,2026-09-24,182.42,-0.01259
NVDA,2026-09-25,182.34,-0.00046
MSFT,2026-04-01,436.81,-0.02694
MSFT,2026-04-02,436.24,-0.00131
MSFT,2026-04-03,431.23,-0.01147
MSFT,2026-04-06,438.51,0.01688
MSFT,2026-04-07,442.95,0.01012
MSFT,2026-04-08,433.82,-0.02061
MSFT,2026-04-09,434.26,0.00101
MSFT,2026-04-10,437.5,0.00746
MSFT,2026-04-13,440.11,0.00597
MSFT,2026-04-14,447.41,0.01658
MSFT,2026-04-15,448.12,0.00158
MSFT,2026-04-16,440.07,-0.01796
MSFT,2026-04-17,444.46,0.00999
MSFT,2026-04-20,453.29,0.01986
MSFT,2026-04-21,443.91,-0.0207
MSFT,2026-04-22,444.43,0.00118
MSFT,2026-04-23,444.99,0.00125
MSFT,2026-04-24,439.06,-0.01333
MSFT,2026-04-27,445.57,0.01483
MSFT,2026-04-28,442.43,-0.00705
MSFT,2026-04-29,437.46,-0.01124
MSFT,2026-04-30,431.84,-0.01285
MSFT,2026-05-01,437.04,0.01204
MSFT,2026-05-04,431.39,-0.01293
MSFT,2026-05-05,432.75,0.00316
MSFT,2026-05-06,434.59,0.00425
MSFT,2026-05-07,430.42,-0.0096
MSFT,2026-05-08,432.23,0.0042
MSFT,2026-05-11,432.12,-0.00026
MSFT,2026-05-12,434.12,0.00463
MSFT,2026-05-13,429.58,-0.01045
MSFT,2026-05-14,429.54,-0.0001
MSFT,2026-05-15,427.94,-0.00372
MSFT,2026-05-18,428.66,0.00168
MSFT,2026-05-19,429.89,0.00287
MSFT,2026-05-20,428.18,-0.00399
MSFT,2026-05-21,435.33,0.01669
MSFT,2026-05-22,427.38,-0.01826
MSFT,2026-05-25,422.75,-0.01084
MSFT,2026-05-26,418.73,-0.00951
MSFT,2026-05-27,412.37,-0.01518
MSFT,2026-05-28,414.07,0.00412
MSFT,2026-05-29,417.12,0.00736
MSFT,2026-06-01,406.49,-0.02548
MSFT,2026-06-02,397.78,-0.02142
MSFT,2026-06-03,400.78,0.00753
MSFT,2026-06-04,398.37,-0.00602
MSFT,2026-06-05,394.92,-0.00865
MSFT,2026-06-08,392.27,-0.00672
MSFT,2026-06-09,392.86,0.0015
MSFT,2026-06-10,395.16,0.00585
MSFT,2026-06-11,396.2,0.00263
MSFT,2026-06-12,400.05,0.00971
MSFT,2026-06-15,397.47,-0.00644
MSFT,2026-06-16,396.31,-0.00292
MSFT,2026-06-17,390.7,-0.01416
MSFT,2026-06-18,392.59,0.00485
MSFT,2026-06-19,396.05,0.0088
MSFT,2026-06-22,391.25,-0.01213
MSFT,2026-06-23,393.43,0.00557
MSFT,2026-06-24,390.7,-0.00693
MSFT,2026-06-25,390.44,-0.00066
MSFT,2026-06-26,387.8,-0.00677
MSFT,2026-06-29,390.81,0.00776
MSFT,2026-06-30,387.21,-0.00922
MSFT,2026-07-01,389.77,0.00661
MSFT,2026-07-02,382.85,-0.01776
MSFT,2026-07-03,378.09,-0.01243
MSFT,2026-07-06,377.18,-0.0024
MSFT,2026-07-07,375.93,-0.00332
MSFT,2026-07-08,381.99,0.01613
MSFT,2026-07-09,386.2,0.01102
MSFT,2026-07-10,384.69,-0.0039
MSFT,2026-07-13,392.44,0.02015
MSFT,2026-07-14,386.64,-0.01479
MSFT,2026-07-15,377.97,-0.02243
MSFT,2026-07-16,381.12,0.00834
MSFT,2026-07-17,378.18,-0.00771
MSFT,2026-07-20,376.05,-0.00564
MSFT,2026-07-21,374.9,-0.00306
MSFT,2026-07-22,367.79,-0.01897
MSFT,2026-07-23,377.77,0.02713
MSFT,2026-07-24,376.41,-0.0036
MSFT,2026-07-27,372.08,-0.01151
MSFT,2026-07-28,363.09,-0.02417
MSFT,2026-07-29,357.17,-0.01631
MSFT,2026-07-30,355.71,-0.00408
MSFT,2026-07-31,359.91,0.0118
MSFT,2026-08-03,362.2,0.00637
MSFT,2026-08-04,354.27,-0.02189
MSFT,2026-08-05,350.38,-0.01099
MSFT,2026-08-06,343.25,-0.02036
MSFT,2026-08-07,342.92,-0.00095
MSFT,2026-08-10,336.5,-0.01871
MSFT,2026-08-11,330.61,-0.01751
MSFT,2026-08-12,329.75,-0.0026
MSFT,2026-08-13,326.39,-0.01018
MSFT,2026-08-14,328.32,0.00593
MSFT,2026-08-17,326.76,-0.00476
MSFT,2026-08-18,328.86,0.00644
MSFT,2026-08-19,331.24,0.00723
MSFT,2026-08-20,341.25,0.03023
MSFT,2026-08-21,338.32,-0.0086
MSFT,2026-08-24,338.72,0.00118
MSFT,2026-08-25,339.97,0.00368
MSFT,2026-08-26,341.41,0.00424
MSFT,2026-08-27,342.66,0.00365
MSFT,2026-08-28,341.14,-0.00442
MSFT,2026-08-31,342.34,0.00353
MSFT,2026-09-01,334.36,-0.02332
MSFT,2026-09-02,335.36,0.003
MSFT,2026-09-03,334.71,-0.00193
MSFT,2026-09-04,331.12,-0.01074
MSFT,2026-09-07,337.33,0.01877
MSFT,2026-09-08,340.27,0.00873
MSFT,2026-09-09,343.46,0.00939
MSFT,2026-09-10,347.87,0.01285
MSFT,2026-09-11,355.05,0.02065
MSFT,2026-09-14,356.27,0.00343
MSFT,2026-09-15,348.32,-0.02233
MSFT,2026-09-16,350.84,0.00724
MSFT,2026-09-17,355.07,0.01206
MSFT,2026-09-18,349.52,-0.01563
MSFT,2026-09-21,353.17,0.01045
MSFT,2026-09-22,353.69,0.00147
MSFT,2026-09-23,358.65,0.01401
MSFT,2026-09-24,357.16,-0.00416
MSFT,2026-09-25,364.6,0.02083
AAPL,2026-04-01,220.91,-0.01511
AAPL,2026-04-02,222.14,0.00556
AAPL,2026-04-03,220.28,-0.00838
AAPL,2026-04-06,225.3,0.0228
AAPL,2026-04-07,219.84,-0.02424
AAPL,2026-04-08,221.0,0.00526
AAPL,2026-04-09,216.31,-0.02124
AAPL,2026-04-10,221.52,0.02408
AAPL,2026-04-13,224.85,0.01505
AAPL,2026-04-14,224.62,-0.00104
AAPL,2026-04-15,224.13,-0.00217
AAPL,2026-04-16,227.07,0.01312
AAPL,2026-04-17,219.46,-0.03353
AAPL,2026-04-20,218.25,-0.00551
AAPL,2026-04-21,220.45,0.0101
AAPL,2026-04-22,215.75,-0.02131
AAPL,2026-04-23,217.23,0.00687
AAPL,2026-04-24,218.98,0.00807
AAPL,2026-04-27,215.34,-0.01661
AAPL,2026-04-28,210.93,-0.02048
AAPL,2026-04-29,209.79,-0.0054
AAPL,2026-04-30,209.44,-0.00167
AAPL,2026-05-01,212.59,0.01503
AAPL,2026-05-04,208.15,-0.02087
AAPL,2026-05-05,207.21,-0.00451
AAPL,2026-05-06,211.83,0.02231
AAPL,2026-05-07,211.05,-0.0037
AAPL,2026-05-08,217.13,0.02883
AAPL,2026-05-11,219.07,0.00893
AAPL,2026-05-12,221.64,0.01174
AAPL,2026-05-13,223.69,0.00925
AAPL,2026-05-14,223.09,-0.0027
AAPL,2026-05-15,220.57,-0.0113
AAPL,2026-05-18,221.48,0.00411
AAPL,2026-05-19,222.52,0.00472
AAPL,2026-05-20,222.77,0.00113
AAPL,2026-05-21,220.7,-0.0093
AAPL,2026-05-22,220.76,0.00028
AAPL,2026-05-25,223.68,0.01322
AAPL,2026-05-26,223.67,-4e-05
AAPL,2026-05-27,230.49,0.0305
AAPL,2026-05-28,231.82,0.00579
AAPL,2026-05-29,234.27,0.01059
AAPL,2026-06-01,230.56,-0.01584
AAPL,2026-06-02,231.08,0.00225
AAPL,2026-06-03,229.57,-0.00656
AAPL,2026-06-04,228.35,-0.00532
AAPL,2026-06-05,233.97,0.02463
AAPL,2026-06-08,233.5,-0.002
AAPL,2026-06-09,232.0,-0.00642
AAPL,2026-06-10,231.17,-0.00358
AAPL,2026-06-11,228.06,-0.01347
AAPL,2026-06-12,229.38,0.00577
AAPL,2026-06-15,229.51,0.00058
AAPL,2026-06-16,229.39,-0.00053
AAPL,2026-06-17,235.24,0.02549
AAPL,2026-06-18,230.55,-0.01993
AAPL,2026-06-19,229.16,-0.00604
AAPL,2026-06-22,227.8,-0.00593
AAPL,2026-06-23,227.64,-0.00072
AAPL,2026-06-24,227.13,-0.00226
AAPL,2026-06-25,229.69,0.01128
AAPL,2026-06-26,232.81,0.01359
AAPL,2026-06-29,233.85,0.00448
AAPL,2026-06-30,234.87,0.00438
AAPL,2026-07-01,231.66,-0.01367
AAPL,2026-07-02,236.85,0.02242
AAPL,2026-07-03,241.31,0.01882
AAPL,2026-07-06,240.93,-0.00158
AAPL,2026-07-07,240.7,-0.00098
AAPL,2026-07-08,238.44,-0.0094
AAPL,2026-07-09,238.31,-0.00055
AAPL,2026-07-10,240.48,0.00909
AAPL,2026-07-13,243.22,0.01139
AAPL,2026-07-14,241.52,-0.00697
AAPL,2026-07-15,240.05,-0.00608
AAPL,2026-07-16,236.08,-0.01652
AAPL,2026-07-17,238.48,0.01018
AAPL,2026-07-20,245.92,0.0312
AAPL,2026-07-21,250.54,0.01878
AAPL,2026-07-22,254.33,0.01513
AAPL,2026-07-23,256.13,0.00707
AAPL,2026-07-24,246.13,-0.03903
AAPL,2026-07-27,245.78,-0.00142
AAPL,2026-07-28,242.83,-0.01201
AAPL,2026-07-29,241.86,-0.00399
AAPL,2026-07-30,237.49,-0.01807
AAPL,2026-07-31,238.42,0.00391
AAPL,2026-08-03,240.91,0.01045
AAPL,2026-08-04,240.72,-0.0008
AAPL,2026-08-05,246.4,0.0236
AAPL,2026-08-06,247.08,0.00278
AAPL,2026-08-07,244.2,-0.01166
AAPL,2026-08-10,248.64,0.01819
AAPL,2026-08-11,244.83,-0.01534
AAPL,2026-08-12,240.91,-0.016
AAPL,2026-08-13,240.74,-0.00071
AAPL,2026-08-14,237.99,-0.01144
AAPL,2026-08-17,241.89,0.01638
AAPL,2026-08-18,243.09,0.00497
AAPL,2026-08-19,243.96,0.00359
AAPL,2026-08-20,242.21,-0.00716
AAPL,2026-08-21,242.96,0.00309
AAPL,2026-08-24,239.52,-0.01414
AAPL,2026-08-25,238.11,-0.00589
AAPL,2026-08-26,234.01,-0.01721
AAPL,2026-08-27,234.52,0.0022
AAPL,2026-08-28,233.58,-0.00402
AAPL,2026-08-31,234.23,0.0028
AAPL,2026-09-01,230.94,-0.01404
AAPL,2026-09-02,230.79,-0.00067
AAPL,2026-09-03,231.76,0.00421
AAPL,2026-09-04,232.13,0.00161
AAPL,2026-09-07,233.08,0.00408
AAPL,2026-09-08,236.56,0.01495
AAPL,2026-09-09,235.12,-0.00607
AAPL,2026-09-10,239.1,0.01692
AAPL,2026-09-11,238.93,-0.00073
AAPL,2026-09-14,238.92,-6e-05
AAPL,2026-09-15,244.3,0.02253
AAPL,2026-09-16,245.5,0.0049
AAPL,2026-09-17,248.44,0.01199
AAPL,2026-09-18,249.81,0.00551
AAPL,2026-09-21,243.41,-0.02562
AAPL,2026-09-22,242.69,-0.00296
AAPL,2026-09-23,244.23,0.00634
AAPL,2026-09-24,239.75,-0.01835
AAPL,2026-09-25,244.75,0.02088
